"bedrooms","bathrooms","sqft","floors","price"
"5","2.5","3650","2","2384000"
"3","2","1930","1","342000"
"4","2.5","1940","1","550000"
"2","1","1200","1","490000"
"2","2","1350","1","335000"
"4","2.5","2710","2","482000"
"3","2.5","2430","1","452500"
"3","1.75","1710","1","463000"
"3","1.75","2330","1","588500"
"3","1","1090","1","365000"
"3","1.5","1200","1","242500"
"3","1.5","1570","1","419000"
"4","3","3110","2","367500"
"3","1.75","1370","1","257950"
"3","1.5","1180","1","275000"
"3","1.75","2240","2","750000"
"4","1","1450","1","435000"
"4","2.5","2730","2","612500"
"4","1.75","1600","1","495000"
"3","2.5","2090","1","285000"
"3","1.75","2360","1","615000"
"5","2.5","2820","2","675000"
"3","2.5","2600","1","790000"
"4","1.75","1560","1","382500"
"4","2.5","2860","2","499950"
"4","2.5","2820","2","625000"
"3","2.5","3240","2","604000"
"2","1","1190","1","440000"
"3","3","1850","1","287200"
"3","2","1960","1","403000"
"3","2.5","2390","1","750000"
"4","2","1480","1","260000"
"2","1","1340","1","308500"
"3","2.5","1770","2","439950"
"2","1","1210","1","235000"
"3","1","1160","1","315000"
"3","2.5","1930","2","407500"
"3","2.5","1270","3","445700"
"4","2.5","3310","2","838000"
"4","2.75","2710","2","630000"
"3","1.75","1800","1","284000"
"5","2.5","2210","1","470000"
"4","1.5","1920","1","430000"
"4","1.75","2190","1","491500"
"3","2.5","2540","2","300000"
"4","2.75","2920","2","625000"
"2","1","1600","1","553000"
"3","2.5","1650","1","379880"
"3","1","1010","1","310000"
"2","2.5","2680","1","775000"
"3","2.5","2200","1","365000"
"4","2.5","2530","2","331950"
"3","2.5","2850","2","783500"
"4","2","2280","1","628000"
"3","2.5","1900","2","560000"
"3","1","1330","1","900000"
"2","3","1270","2","531000"
"4","3","2170","2","831000"
"4","2.5","2730","2","780000"
"4","2.5","2120","1","755000"
"3","2.5","2490","2","705380"
"4","3","3690","2","865000"
"2","1","2540","1","580000"
"4","3","2340","1","485000"
"2","1.75","2110","1","400000"
"2","1","1140","1","549000"
"2","3","1410","2","405000"
"2","1","1200","1","232000"
"5","2.5","3180","2","800866"
"3","1.5","2160","1","650000"
"3","1.75","1560","1","524000"
"5","2.75","2740","1","541125"
"3","2.5","1680","3","670000"
"5","2.5","3090","1","384900"
"5","3.5","4010","2","1395000"
"4","2.5","3180","2","736500"
"3","1.75","1330","1","787000"
"4","2.5","2370","2","328000"
"5","2","1840","1","435000"
"4","2.5","2910","2","499000"
"4","1","2070","1","501000"
"3","2.5","2230","2","398750"
"2","1","1380","1","206000"
"5","2.75","3190","1","1030000"
"3","1.75","1670","1","600000"
"4","1.75","1970","1","379950"
"3","1","1450","1","287000"
"7","2","13540","3","2280000"
"3","2.5","1880","2","309950"
"3","1.75","1880","1","600000"
"3","1.75","1920","1","245000"
"4","2.5","2910","2","549000"
"3","2.5","3240","2","800000"
"3","2","1550","1","249950"
"5","2","2050","1","210000"
"2","2.5","2220","2","1425000"
"4","1.75","2300","1","615000"
"3","2","1800","1","618500"
"4","1.75","2010","1","487585"
"3","2.5","1790","2","509900"
"4","2.5","2440","2","631625"
"3","2.5","1940","2","555000"
"2","1.5","1160","2","340000"
"4","2.5","3400","2","830000"
"3","3","1571","3","366750"
"3","2.5","1408","3","416286"
"3","2.5","3040","2","478000"
"5","3.5","4490","2","890000"
"2","2.5","1590","2","419190"
"4","2.5","2450","2","712198"
"4","2","1440","1","397000"
"3","1","1350","1","353000"
"4","2.5","2150","2","609000"
"3","1.75","1490","1","234000"
"3","2","2000","2","561000"
"2","1","1030","1","469000"
"2","1","1750","1","329350"
"3","1.75","1580","1","279900"
"4","2.5","2110","2","606000"
"4","2","1300","1","312000"
"3","1.5","1630","1","650000"
"4","2.75","3370","1","1135000"
"4","2.5","1890","1","325000"
"4","2","1520","1","425000"
"2","1","900","1","219000"
"3","1","1050","1","250000"
"3","1.75","1260","1","390000"
"4","2.5","2290","2","736000"
"4","2.5","2331","2","345000"
"5","2.5","2240","1","455000"
"4","3","2450","1","610000"
"4","3","3100","2","563000"
"4","2","2060","1","612500"
"3","1.75","1850","1","218000"
"4","1.75","1840","1","404000"
"4","2","3740","2","860000"
"3","1.5","1420","1","136500"
"3","1","1510","1","313950"
"3","1.75","2130","1","575000"
"3","1.75","1630","1","280000"
"3","2.5","1790","2","515000"
"4","2.5","2000","2","513000"
"4","2.5","3030","2","685000"
"3","1.5","1310","1","365000"
"4","2.5","3880","2","762300"
"5","2.5","2910","1","530000"
"3","2.5","2970","1","525000"
"2","1.75","1660","1","484000"
"4","2.5","3200","2","725126"
"4","2","2680","1","360000"
"3","1","1230","1","387000"
"4","2.5","2740","2","483500"
"4","3.5","3380","2","655500"
"3","1","1110","1","345000"
"5","4","4510","2","1870000"
"2","1.75","1170","1","499000"
"3","2.5","2200","2","1050000"
"3","1.5","800","1","191000"
"3","2.5","1480","3","500000"
"5","3.75","2890","1","390000"
"3","2.5","2690","3","979000"
"3","2","1270","3","369950"
"5","3","4490","2","1800000"
"4","2.5","3040","2","776000"
"3","1.75","1250","1","253000"
"3","2.75","1540","1","503000"
"3","2.5","1600","2","275000"
"3","1","1110","1","249000"
"3","1.75","1840","1","310000"
"3","2.75","2520","1","750000"
"3","2.5","2680","2","630000"
"4","2.75","2410","1","758000"
"4","1.75","1720","1","248500"
"3","1.75","2070","1","310000"
"3","2","1760","2","460000"
"3","1.75","1680","1","675000"
"3","1.75","2190","1","313000"
"3","2.5","2030","2","618080"
"3","3","2270","2","640000"
"3","2","1610","1","485000"
"2","1","760","1","300000"
"2","1","1640","1","379500"
"3","3","2960","2","1340000"
"3","2.5","1940","1","500000"
"3","2","1410","1","239900"
"3","1","1040","1","314950"
"2","1","820","1","361280"
"2","1","910","1","100000"
"7","1.75","3700","2","540000"
"4","2.5","2180","1","480500"
"3","2.5","1600","2","280000"
"3","1.75","1500","1","440000"
"3","1","1340","1","530000"
"3","2","1860","1","560000"
"2","1","1040","1","160000"
"3","1.5","1380","1","209950"
"3","1.75","1640","1","226500"
"5","1.75","3000","1","380000"
"4","2.75","2140","1","409500"
"3","2","1760","1","690000"
"3","2.5","1830","2","375000"
"4","2","2210","1","794154"
"4","1","1490","1","185000"
"3","1.5","1260","2","245000"
"5","1.5","4270","2","1532500"
"4","3.5","3900","2","1040000"
"2","2.5","1150","3","425000"
"4","2.75","2656","2","495000"
"5","2.75","2410","1","365000"
"2","1","820","3","339950"
"2","1","1540","1","615000"
"3","2.75","2090","2","403000"
"5","2.5","3160","1","980000"
"4","1.75","1730","1","258000"
"3","1","1670","1","533000"
"4","2.5","2550","2","537500"
"5","3","3040","1","830000"
"4","2.5","2020","2","262000"
"4","2.5","2660","2","753888"
"2","1.5","980","2","134000"
"3","2.5","1960","1","402000"
"2","1","720","1","205000"
"2","2.5","1360","2","553650"
"2","2","1870","1","559950"
"4","1.5","2130","1","260000"
"4","2.5","1810","2","270000"
"2","1.75","2200","1","295000"
"4","2.5","2460","2","347500"
"3","2","1240","1","297950"
"3","1.5","1260","1","245000"
"3","2.75","2015","2","988500"
"3","1.75","1410","3","500000"
"2","1.5","1110","2","499000"
"3","2.5","2310","2","494000"
"2","1.5","1020","3","441750"
"2","1","980","2","438000"
"4","3.5","3810","1","839900"
"4","2.75","2790","2","765000"
"3","2.5","1850","2","254000"
"2","1","960","1","255000"
"3","3","2480","1","610000"
"4","3","3750","2","920000"
"4","2.5","2600","2","402500"
"3","1.75","1390","1","280950"
"4","2.5","2260","2","604000"
"2","1","810","1","255000"
"4","2","1650","1","445000"
"3","2.5","2100","2","505000"
"3","1.5","1060","1","303500"
"3","1.5","1500","1","270000"
"4","2.75","1970","1","323000"
"4","2.75","3720","1","1370000"
"4","2","2190","1","280000"
"3","2","1920","1","260000"
"3","1","1160","1","201500"
"4","3","2163","2","248000"
"5","3","3480","1","532000"
"4","2.5","2840","2","580000"
"2","1","1150","1","463000"
"4","2.75","3100","2","742500"
"3","2.5","1420","1","260000"
"3","1.75","1750","1","491300"
"5","1.75","2320","1","315000"
"2","1","1420","1","360000"
"4","2.5","1940","2","330000"
"3","2","1410","1","481450"
"3","1","1360","1","234950"
"3","1.75","1220","1","251000"
"4","2.5","2830","2","782000"
"4","2.75","3780","2","833000"
"4","2.5","2330","2","542500"
"3","2.5","3560","2","851000"
"4","1.5","1470","1","325000"
"3","1","1030","1","252500"
"4","2.5","1930","1","465000"
"3","1.75","1780","1","336900"
"3","2.5","2000","2","225000"
"3","2","1690","1","270000"
"5","1.5","5190","2","1702500"
"2","2","1150","1","445000"
"4","3.5","2730","2","769900"
"4","2.5","2840","2","557000"
"2","1.5","1020","2","212000"
"3","2","1340","3","376000"
"5","2.75","3060","1","549900"
"3","2.5","2130","2","320000"
"4","2","2520","1","875000"
"4","1","1940","1","265000"
"3","2.5","1350","3","394950"
"3","2.5","1370","2","368000"
"4","1.5","5420","1","1225000"
"4","2.5","2830","2","885000"
"3","2.5","2010","2","453246"
"4","2.75","3300","2","927000"
"2","2.5","1230","2","490000"
"3","2","2560","1","560000"
"4","2","1730","1","360000"
"3","2.5","2920","1","1015000"
"3","1","990","1","225000"
"4","2.5","3040","2","647000"
"3","1.5","1370","1","185000"
"3","2.5","1940","2","335000"
"3","2.5","1040","2","210000"
"3","1.75","1720","1","770000"
"3","1","980","1","499950"
"4","2.5","3110","2","751000"
"5","3","2100","1","330000"
"3","1.5","2020","1","465000"
"4","1.75","2350","1","850000"
"4","2","1770","2","630000"
"4","3.75","3490","2","1264000"
"2","1.5","830","2","301500"
"2","2.5","980","2","369000"
"3","2.5","1570","3","635000"
"4","2.5","2160","2","383000"
"4","3.75","3280","2","1050000"
"4","2.5","3360","2","455000"
"5","2.75","3150","2","819900"
"3","3.5","1810","2","625000"
"4","2.5","2740","2","651000"
"5","1.75","3830","1","480000"
"2","2","1680","1","530000"
"3","2","1770","1","449500"
"3","1","1090","1","289000"
"5","2.5","3001","2","373000"
"5","3","2450","2","525000"
"4","2","2250","1","550000"
"3","1.5","1240","1","523000"
"4","2","2260","1","628000"
"4","1.75","2090","1","581000"
"5","1.75","2020","1","245000"
"3","1.75","1960","1","415000"
"4","2.5","5300","2","2555000"
"3","1.5","1310","1","717000"
"3","1","1040","1","225000"
"3","1.75","1090","1","345000"
"2","1","650","1","230000"
"3","2","1480","1","385000"
"2","1","790","1","90000"
"4","2.5","3560","1","860000"
"4","2.5","3000","2","675000"
"4","2.5","3490","2","975000"
"3","1.75","2340","1","780000"
"3","1.75","1650","1","370000"
"4","1.5","2740","2","1105000"
"3","2.75","1250","2","450000"
"3","1.75","1690","1","530000"
"4","1.75","1950","1","635000"
"5","2","2290","1","580000"
"3","1","1440","2","560000"
"4","1.75","2180","1","405000"
"4","1","1410","1","413000"
"3","2.5","1950","2","287600"
"3","1","1660","1","225000"
"3","1","1390","1","319000"
"3","2","1350","1","322500"
"3","2","1530","1","570000"
"3","1.5","1270","1","465000"
"4","2.5","2040","2","502000"
"3","3.5","2876","2","525000"
"3","2.5","1580","2","525000"
"4","3.5","3400","2","660000"
"5","2.5","2540","2","620000"
"2","1","1170","1","175000"
"5","5","5774","1","740000"
"3","1.75","2170","1","510000"
"4","2.75","2450","1","530000"
"2","1","700","1","155000"
"3","2.5","1780","1","266000"
"3","2","1850","1","257200"
"3","2","1570","1","265000"
"3","1","1290","1","372220"
"5","2","1700","1","337500"
"2","1.5","1159","1","582500"
"4","2.5","2150","1","486000"
"3","1","860","1","160000"
"3","2.5","3100","1","930000"
"3","1","1100","1","139000"
"3","1.5","1830","1","562000"
"3","3.5","2100","2","356000"
"4","2.5","2310","2","470000"
"3","1","1660","1","458000"
"5","1.5","3810","2","966000"
"3","1.75","2110","2","305495"
"4","2.5","2470","2","633100"
"3","1","1480","1","310000"
"5","3","2257","1","349950"
"2","1","700","1","267800"
"4","2","1630","1","234000"
"4","2.5","3430","2","740000"
"3","1.75","1340","1","223000"
"2","1","980","1","400000"
"3","2.5","2580","2","802000"
"4","2.5","2230","2","253000"
"4","2","2290","1","1058000"
"3","1","1260","1","300000"
"4","2.75","1680","1","625000"
"4","2.5","3320","2","950000"
"4","2.5","3040","2","420000"
"4","2.75","2270","1","498000"
"3","2.5","2910","2","450000"
"2","1","1240","1","215000"
"3","2.75","2580","2","437000"
"3","2.75","2470","2","773000"
"3","2.5","1690","2","256883"
"4","2.5","2240","1","592500"
"3","2","1650","1","252350"
"4","2.5","2710","2","370000"
"3","1.5","1260","1","465750"
"3","1","1150","1","185000"
"4","2.75","2550","1","582800"
"3","1.75","1490","1","245000"
"4","1.75","2020","1","302000"
"2","1","1320","1","451555"
"3","1","1230","1","250000"
"4","2.5","2070","2","255000"
"4","1.75","2930","1","840000"
"3","1","1090","1","190000"
"3","1.5","1490","1","412500"
"3","1.5","1120","1","395300"
"4","2.5","3240","2","749400"
"4","2.5","2150","2","316500"
"3","2.5","2240","2","390000"
"3","2","1400","1","225000"
"5","1.75","2000","2","585000"
"4","2.5","2680","2","620000"
"4","2","1670","1","204700"
"4","3","3150","2","695000"
"4","1.75","1890","1","375000"
"7","3.5","2870","1","475000"
"3","1","1160","1","215000"
"4","1.75","3550","2","2100000"
"3","1.75","1790","1","790000"
"3","1.75","1680","1","350000"
"3","2.5","4560","2","695000"
"3","1","1630","1","400000"
"3","2.5","2700","2","525000"
"3","2.5","1700","2","349950"
"3","2.5","2360","2","580050"
"4","2","2560","1","640000"
"3","1.5","1340","1","417000"
"3","1","1060","1","174950"
"3","1.5","850","1","295000"
"4","1.75","1880","1","423000"
"3","1","1230","1","839000"
"4","1.75","2290","1","343000"
"3","1","1660","1","467000"
"3","2.5","1840","2","512500"
"4","2.5","3020","1","575000"
"3","1.75","1410","1","465000"
"3","1","1010","1","270000"
"3","1.75","1960","1","340000"
"5","3.75","3580","2","765000"
"4","2.5","2240","2","497000"
"4","2.5","3310","2","803100"
"3","2.5","1232","3","344000"
"4","3.5","3930","2","828950"
"3","2.5","1720","2","386380"
"3","2.5","3150","2","720000"
"4","2.5","3950","3","914500"
"5","2.75","3030","2","819995"
"2","1.5","1070","1","252700"
"3","2.5","2320","2","437500"
"1","1","700","1","350000"
"3","2.5","2720","2","619000"
"3","2.5","1800","2","408200"
"3","2.5","1480","2","275000"
"5","1","1460","2","239950"
"4","3.5","1850","2","248000"
"3","2.5","2170","2","619500"
"3","1.75","1726","2","363750"
"3","1.75","1180","1","385000"
"4","1.5","1370","1","370000"
"3","2.5","2670","1","425000"
"3","1","1260","1","342000"
"3","2","2050","1","724800"
"5","2.75","2830","2","725000"
"2","1","910","1","605000"
"4","2.5","2440","2","350000"
"3","2","2180","1","785000"
"3","2","1900","1","250000"
"3","2","2220","1","875000"
"4","2.75","3280","2","862500"
"3","2.5","2740","2","400000"
"2","1","830","1","282613"
"2","1","1010","1","174500"
"5","1.75","1730","1","205000"
"4","2.5","3160","2","645000"
"4","2.5","2340","2","314000"
"3","1.5","1170","1","330000"
"2","1","1160","1","490000"
"3","3","1970","1","445000"
"4","3","5520","2","1270000"
"2","2.5","1310","2","500000"
"3","2","1700","1","410000"
"3","2.5","2480","2","415000"
"5","2.5","1970","2","297000"
"4","2.5","2060","1","575550"
"3","2.5","2130","1","534640"
"3","1","1290","1","359950"
"4","3.5","3370","2","480000"
"4","3.5","3410","2","1405000"
"4","2.5","2490","2","390000"
"2","1","770","1","413500"
"1","1.5","810","2","285000"
"4","2.5","3060","1","475000"
"3","2.5","1690","2","386591"
"3","1.75","1890","1","524950"
"2","2","1470","2","241000"
"2","1","1060","1","461000"
"4","2.5","3480","2","810000"
"4","1.75","2310","1","319950"
"3","1.75","2010","1","700000"
"2","1.5","1660","1","368000"
"3","2.5","2200","2","433500"
"4","2.5","2460","2","611000"
"2","1.75","2430","1","1000000"
"3","1","1370","1","307000"
"3","1.75","1800","1","442500"
"3","1.75","2200","2","485000"
"2","1","700","1","367000"
"3","2.5","1920","2","429000"
"5","2.75","2190","1","446000"
"3","2.5","1350","3","477000"
"3","2.5","1680","2","518000"
"5","1.75","1250","1","462000"
"3","1","950","1","137000"
"3","3.5","2320","2","530000"
"2","2.5","2380","1","818000"
"5","3","2100","1","298450"
"4","2.5","2500","2","575000"
"4","2.5","3230","2","730000"
"3","2.5","2830","2","551000"
"4","3","2690","1","675000"
"3","2.5","1260","3","479000"
"4","3.5","2680","2","520000"
"3","2.5","2660","2","599950"
"2","1.75","1480","1","483945"
"2","1","950","1","192500"
"2","1","860","1","330000"
"4","2","1960","1","250000"
"4","1.75","1280","1","575000"
"4","2.5","2150","2","639000"
"2","1","1790","1","710000"
"4","2.75","2050","1","480000"
"6","2","2150","1","755000"
"4","1.75","2450","1","760000"
"2","1","1050","1","415000"
"3","1.75","1570","2","263000"
"4","2","1820","1","519900"
"2","1.75","1540","1","570000"
"3","1.5","2060","1","450000"
"4","3.5","4380","1","1300000"
"3","1","1090","1","300000"
"3","1.75","1480","1","320000"
"4","2.5","2800","2","426000"
"3","1.5","1570","2","792000"
"4","2","2850","1","1275000"
"6","3","1880","1","326000"
"2","1","790","1","268500"
"2","1.75","1300","2","440000"
"3","1","2120","1","300000"
"3","1.5","1540","2","525000"
"3","1.5","1650","1","219950"
"3","2.5","2090","2","289000"
"4","1.75","2180","1","210000"
"4","2.5","1990","2","260000"
"4","2.5","2650","2","699000"
"4","3.5","4460","1","1800000"
"3","1","910","1","299950"
"3","2.5","2770","2","749950"
"3","2","2390","2","1100000"
"3","2.5","3050","1","555000"
"3","2.5","1700","2","384000"
"5","3.5","3200","2","499950"
"3","1.75","1200","1","430000"
"4","1.5","2500","1","250000"
"2","1","1150","1","376000"
"4","1.75","1650","1","475000"
"3","1.75","1140","1","120750"
"3","1.75","3400","1","1690000"
"3","1","1180","1","330000"
"3","2.5","1700","2","619500"
"3","1.5","1240","1","345000"
"3","2.5","2170","2","329900"
"4","2.5","1600","1","329000"
"4","2.5","3550","2","625000"
"3","2","2010","2","439000"
"3","1.75","1690","2","380000"
"3","1.5","1270","3","440000"
"4","2.75","3160","2","860000"
"3","2.5","1210","3","500000"
"4","3.5","3120","2","953007"
"4","2.5","2670","2","515000"
"4","2.5","2303","2","329995"
"3","2.5","1800","2","409316"
"5","3.5","4460","3","490000"
"2","2.5","1590","2","305000"
"4","3.5","3070","2","785000"
"2","1.75","1330","1","240000"
"3","1","990","1","325000"
"4","2.5","1900","2","535800"
"3","2.5","2020","3","720000"
"3","1.75","2000","1","374000"
"2","1.75","1100","1","189650"
"1","1","960","1","420850"
"4","2.75","3488","2","815000"
"2","1.75","1890","2","1065000"
"4","2","2030","2","199000"
"3","1.75","1380","1","195000"
"3","1","1240","1","210000"
"3","2.5","1900","2","512500"
"3","2.5","2540","2","567000"
"3","2.75","2100","2","525000"
"4","2","1790","1","475000"
"3","2","1170","1","250000"
"3","1","1060","1","220000"
"3","2","1540","1","385500"
"5","3","2876","1","895000"
"3","2.5","2150","2","368250"
"2","1","1140","1","249900"
"3","1.5","980","1","350000"
"3","1.75","1230","1","175000"
"3","1.75","1390","1","270000"
"3","3.5","2380","2","495000"
"3","1","1250","1","330000"
"4","2.75","2290","2","1003000"
"2","1","790","1","299800"
"3","2.5","2720","2","299900"
"4","2.75","2550","1","691000"
"2","1","1080","1","195000"
"3","1.75","2470","1","405000"
"2","1","850","1","360000"
"3","2.5","1990","1","256750"
"5","4","4850","2","975000"
"3","1","1020","1","218000"
"3","2.5","2420","2","429000"
"4","2.5","2910","2","589000"
"3","1.5","1060","1","255000"
"4","2.5","2340","1","668750"
"4","2.75","1800","1","344500"
"4","2","1660","1","452000"
"3","1.75","1300","1","540000"
"3","1.5","1780","1","246000"
"2","1","1030","1","535000"
"3","1","1150","1","430000"
"4","2.5","3290","2","520000"
"4","2.5","3400","2","712000"
"2","1","1200","1","450000"
"4","2.5","2160","2","220000"
"3","1","1450","1","525000"
"4","2.5","3240","2","1220000"
"3","2","1470","2","540000"
"4","2.5","2360","2","600000"
"6","2","2220","1","260000"
"4","3.5","2350","2","655000"
"3","2.5","4460","2","1550000"
"3","2","1440","1","413800"
"5","3.75","5330","2","950000"
"4","2.5","2220","2","334990"
"5","1.75","5305","2","2700000"
"3","4","3880","2","1030000"
"1","1","1170","1","275000"
"3","1","870","1","180000"
"4","2.5","2930","2","749000"
"3","2.5","3160","1","1600000"
"2","1","800","1","373500"
"4","2.5","2350","2","770000"
"2","1.75","1060","1","356000"
"3","1.75","2060","1","625000"
"2","1.75","1560","1","494400"
"4","1.75","3000","1","585000"
"3","1.5","1660","2","926300"
"3","1.75","1650","1","600000"
"4","3","3220","2","430000"
"3","1.5","2320","1","307000"
"4","2.75","2750","1","604700"
"3","1","910","1","219900"
"2","1.5","840","2","270000"
"6","2","2040","1","300000"
"2","1.75","2860","1","503000"
"2","1","740","1","235750"
"4","1.75","2740","1","657000"
"3","1","1250","1","385000"
"4","2.5","3140","2","389950"
"2","1","820","1","150000"
"4","2.75","2570","2","254500"
"4","3","3600","1","1075000"
"4","2","1580","1","245000"
"2","1","1070","1","319950"
"3","1","1070","1","337000"
"4","2","1640","2","492000"
"3","2.75","2890","2","1170000"
"3","1","1220","1","348580"
"2","1","1400","1","180000"
"3","1","1040","1","400000"
"4","2","980","1","295000"
"3","1.5","1360","3","359000"
"5","2.5","2760","2","300000"
"5","3.5","2420","2","380000"
"3","2.5","2450","2","660000"
"3","2.5","1550","2","259000"
"1","1","550","2","353000"
"2","2.5","1520","2","430000"
"2","1","1680","1","515000"
"3","2.5","2510","2","550000"
"3","1","1700","1","149000"
"3","1.75","1680","1","526000"
"1","1","820","1","527550"
"3","4","4380","2","1050000"
"3","2.5","2600","1","625000"
"5","1.75","2120","1","377691"
"4","2.75","2250","1","648475"
"3","1","1800","1","383000"
"3","2.5","2210","2","535000"
"3","2","1560","2","449950"
"4","2.75","2430","1","465425"
"4","2.5","2560","2","675000"
"3","1.5","1110","1","416000"
"2","1.5","1030","1","595000"
"4","1","1350","1","200000"
"3","2","1540","2","402000"
"4","1.75","1830","1","433000"
"4","1.5","1930","2","275000"
"4","2","2840","1","945000"
"4","3.5","4220","2","799950"
"3","1","1080","1","132500"
"3","1.75","1620","1","467100"
"4","3.5","4390","2","1610000"
"3","1.75","1620","1","641000"
"3","1","1010","1","350000"
"4","2.5","1750","1","335000"
"3","2.5","1620","3","580000"
"3","2","1220","3","355000"
"2","2.5","750","2","375000"
"4","1.75","1960","1","372000"
"2","1","900","1","83000"
"3","1.75","1940","1","685000"
"3","1.75","1590","2","210000"
"3","2.5","2930","2","650880"
"4","2.5","2040","2","350000"
"3","1","1220","1","385000"
"4","2.5","2910","2","395000"
"3","1.75","1050","1","260000"
"3","2","1560","1","196440"
"3","1.75","1680","1","425000"
"3","2","1550","1","369000"
"6","2.75","5700","1","1385000"
"3","2.5","2200","2","349900"
"2","2.5","1740","2","650000"
"3","1","1210","1","299950"
"4","1.75","3420","1","715000"
"4","2.5","3190","1","659000"
"3","1.75","1920","1","490000"
"2","1.75","1340","1","415000"
"3","1.75","1700","1","750000"
"4","2.5","2310","1.5","700000"
"3","1.75","1510","1","425000"
"3","2.5","2670","1","642000"
"3","2.5","2090","1.5","1365000"
"5","2.5","3090","1","458000"
"2","2.5","1240","2","330000"
"3","2.5","1860","2","384950"
"3","1.5","2000","1","560000"
"4","1.75","2500","1","950000"
"3","2","1060","1","315000"
"3","2.5","1950","2","530000"
"2","1","940","1","399000"
"5","3.5","4180","2","1886700"
"3","1","1200","1","374000"
"5","3.75","3990","2","740000"
"2","1","1880","1","280000"
"4","2.5","2280","2","322000"
"3","1.75","2580","1","459900"
"4","2.75","2600","1","750000"
"4","2.5","3150","2","1256500"
"4","3.5","5550","2","3710000"
"5","2.75","2220","1","427000"
"2","2","1540","2","475000"
"4","2","2340","1","568000"
"3","1.75","2180","1","325000"
"3","2.5","2780","2","825500"
"4","2.75","2620","2","499431"
"4","3.5","3760","2","919204"
"4","2.5","2720","2","545000"
"5","2.75","2080","2","538888"
"3","2.5","2460","2","693000"
"3","2.5","1960","2","289950"
"4","2.5","2550","2","587000"
"3","1.75","1620","1","459000"
"3","1.75","1790","1","243000"
"4","3.5","3480","2","1505000"
"4","1.75","2780","2","660000"
"5","3","3640","2","1595000"
"1","1","750","1","250000"
"3","1","960","1","315000"
"3","1.5","2030","1","404000"
"3","2.75","2930","1","559900"
"2","2.5","1380","2","285000"
"3","2","1720","1","500000"
"2","1","1210","1","380000"
"4","2.5","2910","2","525000"
"4","2.5","2220","2","580000"
"3","2","1380","1","275000"
"3","2","1760","1","629000"
"1","1","730","1","395000"
"4","2.5","2460","2","965000"
"3","1.75","2160","1","820000"
"3","3","3740","2","789000"
"4","2.5","2710","2","668500"
"3","2.5","2680","2","350000"
"4","2","1850","1","250000"
"4","2.5","3190","2","725995"
"3","2.5","2730","2","1000000"
"3","1.5","1840","2","686000"
"4","2.5","2720","2","665000"
"4","3.5","4370","2","1965221"
"3","2.5","2290","2","653000"
"2","1","990","1","430000"
"2","1.5","1140","2","305000"
"4","1.5","1840","2","809000"
"2","1","1110","1","440150"
"4","2.5","2150","2","615000"
"3","2.5","2230","2","1035000"
"2","1","1170","1","455000"
"3","2.5","1960","1","635000"
"3","1.75","1670","2","985000"
"3","1.75","1890","1","465500"
"3","1","950","1","305000"
"4","2.5","2430","1","645000"
"4","2","2360","1","730000"
"3","1.75","1510","1","366000"
"3","2.5","2080","2","290000"
"3","2","1750","1","472500"
"4","1.75","1790","1","410000"
"4","2.75","2340","1","440000"
"3","2.5","1690","2","535000"
"4","2.5","2070","2","300000"
"3","2.5","2240","2","432500"
"4","3","4500","2","870000"
"3","1.75","2770","1","492000"
"3","1","1010","1","199950"
"3","1.5","1120","1","439800"
"5","2.5","3020","1","320000"
"3","1.75","1990","1","345000"
"3","1","1450","1","274950"
"4","2.5","1920","2","270000"
"2","2.5","1175","2","342000"
"3","1.5","1320","1","327000"
"5","2.5","3990","1","610000"
"2","1","1140","1","455000"
"3","2","2050","1","713250"
"2","1","1230","1","440000"
"4","2.5","3150","2","580135"
"3","2.5","1350","2","613000"
"3","2","1530","1","235000"
"3","2.5","2290","3","660000"
"2","1.5","1480","1","280000"
"3","1.75","1970","1","268000"
"2","1","720","1","235000"
"3","2","1080","1","390000"
"4","2.5","2790","2","654950"
"5","2.75","2040","1","449500"
"3","1","1320","1","150000"
"3","2","2140","1","710000"
"3","1.75","1660","1","420000"
"3","2","2060","1","605000"
"2","2.5","1140","3","425000"
"4","2.5","2870","2","720000"
"6","1.5","2550","1","375900"
"3","1","1110","1","210000"
"2","1","940","1","234000"
"3","1.75","2880","1","285000"
"3","1.5","1200","1","400000"
"3","1","1030","1","718000"
"2","2.5","1240","2","174500"
"3","2","1200","1","222400"
"5","2.5","2730","1","545000"
"3","2.5","2437","2","285000"
"4","2.5","3290","2","648000"
"4","3.5","2910","2","610000"
"3","2","1630","1","767450"
"4","3","4410","2","765000"
"3","2.5","1780","3","586500"
"3","1.75","1420","3","455000"
"3","2.5","2680","1","653000"
"3","2","1750","1","279950"
"3","2.5","2170","2","449950"
"3","2.75","2390","1","565000"
"3","1","1690","1","269000"
"3","3.5","3250","2","875000"
"4","3.75","4610","1","630000"
"4","2.75","2440","2","425000"
"3","1.75","1290","1","647500"
"3","1","1050","1","440000"
"4","2.5","2340","2","445000"
"4","2.75","2420","1","725000"
"4","2.5","2610","2","335000"
"4","3.75","2810","2","492000"
"3","2.5","1510","1","250000"
"3","1.75","1910","1","700000"
"4","2.75","2020","1","555000"
"3","1.75","2340","1","640000"
"3","2","1463","3","390000"
"3","1","1430","1","466500"
"3","1.5","1180","1","372500"
"5","1.5","4400","2","1800000"
"3","2.5","1610","2","255000"
"3","2.5","1480","2","466800"
"3","2.5","2670","2","749000"
"4","1.75","1830","2","610000"
"2","1","920","1","356000"
"3","1","1150","1","165000"
"2","1","1190","1","229000"
"3","2.5","2370","2","499950"
"3","2.5","1480","1","547000"
"4","2.5","2390","2","359800"
"3","3.5","1690","2","499000"
"3","1","1010","1","189000"
"4","3.5","3500","2","799000"
"4","2.75","2330","1","257000"
"3","1.5","1890","1","270000"
"4","1.75","2000","1","453500"
"3","1","1130","1","237000"
"4","1.75","1670","1","456000"
"3","2.5","2600","2","355500"
"4","1.75","1560","1","299950"
"3","2","1170","1","335000"
"4","2.5","2100","2","268500"
"3","2.5","1480","2","584000"
"3","3","1390","2","275000"
"3","2.5","1660","2","324500"
"3","2.5","2050","2","700000"
"3","1.5","2170","1","1150000"
"4","2.5","2840","2","650000"
"4","2.75","3270","2","435000"
"3","1.75","1480","1","510000"
"5","2.75","2440","1","525000"
"2","1","780","1","285000"
"3","2","980","1","435000"
"3","1","1210","1","160000"
"5","2.5","4600","1","805000"
"3","2.5","1480","2","450000"
"4","1.5","1320","1","510000"
"5","2.75","4400","1","1120000"
"4","3.5","3010","2","1280000"
"3","2","2260","1","539000"
"4","2","1880","2","407193"
"3","1.75","1370","1","320000"
"4","3","2720","2","739000"
"2","1.75","1740","1","452000"
"4","2.5","2560","2","600000"
"5","2.5","2690","2","279000"
"4","3","3240","2","895000"
"4","2.5","2430","2","585000"
"2","2","1405","2","405000"
"5","2.75","3030","2","837219"
"4","2.5","4150","2","969990"
"3","3","1730","3","490000"
"6","2.5","3820","1","611000"
"4","2.5","3070","2","462000"
"4","2.5","1780","2","540000"
"4","2.5","1811","2","260000"
"3","2.5","2670","2","605000"
"4","2.5","1980","2","307550"
"2","1","740","1","304700"
"3","1.75","2050","1","568000"
"3","1.75","1230","1","385000"
"3","2.5","1210","3","345000"
"4","3","2390","2","290000"
"4","2.75","1990","1","270000"
"4","1.75","1300","1","229950"
"3","1","1330","1","234999"
"2","1","1000","1","265000"
"4","2.75","2190","2","367300"
"5","4","3760","2","1025000"
"3","2.75","2540","2","695000"
"3","1.75","1760","1","225000"
"3","2.5","3000","2","740000"
"4","2.5","1930","2","315000"
"4","2.5","3040","2","1230000"
"2","1","860","1","420000"
"3","1.75","1420","1","310000"
"3","2","2080","1","700000"
"3","2.5","1560","2","269000"
"4","2.5","1960","2","369990"
"3","1.75","1540","1","345000"
"4","2","2180","1","558000"
"2","1.75","1490","1","475000"
"3","2","2220","2","490000"
"3","1.75","2430","1","335000"
"3","1.75","2040","1","253000"
"5","3","2830","2","1240000"
"4","2.5","3020","2","490000"
"3","1.75","2290","1","470000"
"4","2","1210","1","483300"
"3","2.5","2510","2","659000"
"4","1.75","2320","1","480000"
"3","1","970","1","165000"
"3","1.75","1820","1","659500"
"3","1","970","1","219900"
"2","1","1740","1","315000"
"3","1.75","1590","1","250000"
"2","1","1380","1","268000"
"4","1.5","1680","1","380000"
"2","1","1220","1","499000"
"2","2","1651","1","285000"
"3","1.75","1330","1","183000"
"3","3","2940","2","1070000"
"2","1.5","1010","2","306888"
"4","2.5","3340","2","870000"
"3","2","1320","1","251750"
"3","1.75","1520","1","366000"
"3","1.5","2010","1","429950"
"3","3.5","2440","2","710000"
"5","2.5","2550","1","895000"
"3","1","1010","1","149500"
"3","2.5","1780","1","310000"
"3","1.75","1760","1","680000"
"4","2.5","2530","1","400000"
"4","2.75","2490","1","608000"
"4","1.5","3870","2","589900"
"5","2.5","2732","1","480000"
"4","2.75","2790","2","533112"
"4","2.5","2009","2","303210"
"5","2.75","2880","2","525000"
"2","1","710","2","399950"
"3","2","1370","1","371500"
"3","1.75","1730","1","522000"
"4","2","1680","1","588000"
"2","1","1350","1","276900"
"5","1.5","1510","1","248000"
"3","2.5","1860","2","280000"
"6","5","3440","2","495000"
"2","1","860","1","290300"
"2","1.75","1640","1","527000"
"2","1.5","1295","2","487028"
"3","1.75","1790","1","325000"
"5","1.5","10040","2","7062500"
"3","1","940","1","354000"
"3","1.5","1160","1","262500"
"3","2.5","1990","2","560200"
"3","1","1050","1","220000"
"2","1","1030","1","650000"
"3","2.5","1420","3","435000"
"4","3.75","2690","2","800000"
"4","2.5","3760","2","1010000"
"2","1","700","1","200000"
"5","3.5","2100","2","295000"
"4","2.5","3470","2","875000"
"3","2.5","3370","2","515000"
"4","2.5","2790","2","599000"
"3","2.5","1870","2","285000"
"3","1.75","1520","1","290000"
"1","1.75","750","1","355000"
"3","1.5","1460","1","381000"
"3","2.5","2600","2","571000"
"4","2.5","3320","2","852600"
"5","2.5","2340","2","1085000"
"3","1","890","1","371000"
"3","1.75","1720","1","514000"
"3","1.5","1270","2","386000"
"4","2.5","2180","2","464000"
"4","2.5","2490","2","306000"
"5","2","2060","2","580000"
"3","1","1330","1","405000"
"3","1.75","1600","1","510000"
"2","1","820","1","173000"
"4","2.5","5730","2","1228000"
"4","2.5","1910","1","333000"
"3","1.75","2110","1","743000"
"2","1.5","1630","1","448000"
"4","2.5","2470","2","485000"
"5","2.75","2990","2","498500"
"3","2.5","2120","2","531000"
"3","2.5","2050","1","670000"
"5","3","1880","1","310000"
"3","3","2790","2","835000"
"4","2.5","3000","2","1688000"
"4","2.5","2140","2","495000"
"3","2","1769","1","495000"
"1","1","420","1","280000"
"4","2.5","3270","2","1070000"
"4","2.5","2370","2","1034500"
"4","2.5","1770","2","248000"
"4","2.5","2210","1","294000"
"4","3","2440","2","589000"
"4","2.5","4120","2","863000"
"2","1.75","1440","1","210000"
"3","1","1340","1","206135"
"6","3.75","3010","2","1125000"
"3","1.75","1840","1","285000"
"2","1","930","1","230000"
"4","2.75","4070","2","845000"
"3","1.75","1820","1","350000"
"4","2.5","2220","2","370000"
"3","1.5","1650","1","369500"
"4","2.5","3670","2","883000"
"4","2.5","3770","2","950000"
"3","1.75","2350","1","615000"
"3","1.5","1210","1","305000"
"4","2.5","2010","2","590000"
"3","2.5","1580","2","485000"
"2","1","710","1","215000"
"4","2.5","1880","2","324900"
"2","2","2280","2","849900"
"5","2.75","3100","1","975000"
"5","2.5","2350","2","910000"
"3","1.75","1850","1","459950"
"3","2.5","2070","2","325000"
"4","2.75","2020","1","513000"
"4","2.5","2050","2","385000"
"4","2.5","1750","2","415500"
"3","2","1510","1","397500"
"3","2.5","1930","2","530000"
"4","2.5","2960","2","883000"
"5","2.75","2920","1","850000"
"2","1","1980","1","496752"
"3","1.75","1430","1","330000"
"4","2.75","2450","2","735000"
"4","2.75","2360","2","525000"
"3","2.5","1890","2","269950"
"3","1.75","2140","1","650000"
"3","2","1900","1","520500"
"4","2.5","2700","2","652500"
"5","3","2430","1","506000"
"3","1","1110","1","416000"
"4","2.75","2280","1","500000"
"3","1.75","1550","1","460000"
"3","2","1530","1","371025"
"4","2.5","2440","2","576000"
"3","1.75","1070","1","183000"
"3","1.75","1990","1","763101"
"2","1.5","1090","1","460000"
"3","1","1000","1","265000"
"3","1.75","1770","1","295000"
"4","3","2360","1","418000"
"3","3.5","3380","2","554000"
"3","2.5","1700","2","534500"
"2","1.75","1600","1","690000"
"4","2.5","2050","2","530000"
"2","1.75","1210","2","357186"
"5","3","1940","1","300000"
"4","2","1810","1","304000"
"4","1.75","1690","1","385000"
"4","2","1800","1","415000"
"4","3.5","3280","2","963000"
"4","2.5","4290","2","792500"
"3","1.75","1150","1","309212"
"2","1.5","880","2","235000"
"3","1.5","1720","2","667000"
"3","1.5","1510","1","470000"
"4","2","1240","1","375000"
"4","2","1580","1","410000"
"4","2.75","2500","2","680000"
"1","1","960","1","332000"
"4","2.5","3030","2","902000"
"3","1.75","1540","1","500000"
"4","2","1970","1","410000"
"4","2.5","2290","2","570000"
"5","2.5","2240","1","469000"
"2","1","1240","1","559000"
"3","2.5","2420","2","739888"
"5","3.5","3260","2","568450"
"2","1","670","1","240000"
"2","1.5","1820","2","206000"
"4","2.5","2920","2","515500"
"3","2.5","1730","2","315000"
"5","2.5","2220","1","299000"
"3","1.5","1320","1","650000"
"3","1.75","1510","1","465000"
"3","2","2120","2","535000"
"2","2","1690","1","564000"
"3","3.5","1360","2","515000"
"4","2.5","3250","2","580000"
"3","1.75","1930","1","536751"
"4","2.5","2020","2","415000"
"4","2.5","3170","2","820000"
"4","2.75","3870","2","1399950"
"2","2.5","1430","3","485000"
"3","1","1320","2","464000"
"2","2.5","2540","2","945000"
"4","3","2620","1","659500"
"3","1.5","1140","1","200000"
"3","2","1790","1","280000"
"4","2.5","3280","2","925000"
"3","1.75","1860","1","275000"
"3","1.75","1840","1","499000"
"3","2.5","2120","2","507000"
"4","2.5","2270","1","619850"
"3","2.5","2840","1","500000"
"4","1.5","1220","1","310000"
"4","2.5","2310","2","646000"
"3","1.75","1840","1","265000"
"3","2.5","950","2","475000"
"3","3.5","3390","2","750000"
"3","2.5","2320","1","728050"
"4","2.5","2650","2","734990"
"3","2.5","2238","2","330000"
"4","2.5","2620","2","605000"
"3","2.75","1910","1","441000"
"4","2.5","3040","2","650000"
"7","3.5","4640","2","1950000"
"3","1","1500","1","395000"
"1","1","380","1","245000"
"4","3.5","2970","2","905000"
"4","2.5","1890","1","378000"
"2","1","1040","1","600000"
"4","2.5","2090","2","632500"
"2","2","1680","2","210000"
"2","2.5","2770","2","754800"
"2","1","1020","1","175000"
"3","3.5","1890","2","587206"
"3","2.5","2540","2","425000"
"3","2","1890","2","458500"
"3","1","1150","2","500000"
"3","2.5","2430","2","362300"
"4","1.75","2110","1","324000"
"3","2","2950","2","495000"
"4","2.5","3030","2","835000"
"3","1","1270","1","347000"
"3","1.75","1610","1","725000"
"3","1","1140","2","345000"
"3","2.5","2110","2","345950"
"3","1.75","1840","1","550000"
"3","1.75","1560","1","399950"
"3","1.75","1840","1","269500"
"4","2.5","1830","1","494000"
"4","1.75","2120","1","453000"
"3","1.75","1600","1","442500"
"6","2.5","2890","1","502000"
"3","1.75","1300","1","430000"
"2","1","1080","1","525000"
"4","2.5","2170","1","415000"
"3","2.5","2260","2","600000"
"3","1.75","1580","1","225000"
"4","2.5","2620","2","300000"
"4","2.5","1540","2","491234"
"4","2.5","4570","3","1580000"
"4","2.75","2700","2","385000"
"3","2.75","2810","2","1700000"
"3","2.5","1660","2","285000"
"3","2","1310","1","249900"
"4","3.5","2960","2","633634"
"3","2.5","2242","2","329900"
"3","2.5","2540","2","310000"
"3","1.5","1420","2","345000"
"3","1.5","1270","2","160797"
"5","3","2300","2","312891"
"3","2.5","3310","2","670000"
"2","1.5","940","2","362500"
"2","1","1020","2","402101"
"3","1.75","1520","1","438000"
"3","1.5","1010","1","160000"
"3","1.75","1070","1","415000"
"3","2.5","3170","2","405000"
"4","2.5","3030","3","880000"
"3","2.5","2270","2","585000"
"4","2.5","2341","2","640000"
"3","3.5","2130","2","819000"
"3","1.75","2300","1","520000"
"3","1","1660","1","367500"
"4","2.75","2610","1","762500"
"3","1","2150","1","300000"
"3","2.5","2410","1","625000"
"2","1.5","1580","1","530000"
"3","2.5","1740","2","379000"
"2","1","1270","1","615000"
"4","1.75","1740","1","600000"
"4","2.5","2950","2","455000"
"0","0","4810","2","1295648"
"3","2.5","1500","1","485000"
"3","1.5","1810","1","358000"
"3","1","1100","1","339000"
"3","1","1490","1","258000"
"2","1.5","1200","2","455000"
"4","2.5","1890","1","437000"
"3","1.75","2200","1","689000"
"4","2.5","2510","1","319000"
"3","1.75","2000","1","440000"
"2","2","1460","1","1010000"
"4","2.5","3220","2","875000"
"4","2","1310","1","304000"
"2","1","690","1","139000"
"3","1.75","1150","1","464500"
"3","1","1480","1","336500"
"4","1.75","1850","1","230000"
"3","2.5","1930","2","425000"
"2","1","750","1","300000"
"3","3.5","2300","1","675000"
"3","2.5","2590","1","396500"
"4","1.75","1450","1","362500"
"4","1.75","1540","1","395000"
"5","2.75","2730","1","599000"
"3","1","880","1","218000"
"4","2.5","3190","2","589950"
"3","1.5","1330","1","218000"
"3","1.75","1500","1","360000"
"2","1","740","1","350000"
"4","3","2560","2","350000"
"2","1","970","1","210000"
"2","1","1130","1","631500"
"2","1","650","1","295000"
"4","2.5","2050","2","639888"
"2","1.5","830","2","329445"
"4","2.5","2440","2","745641"
"3","2.5","1600","2","395000"
"4","3.5","3190","2","790000"
"4","1","2550","2","890000"
"3","2.5","2180","1","400000"
"3","2","1410","1","365500"
"3","2","1410","1","245000"
"4","2.5","2340","2","390000"
"3","1","1320","1","196500"
"4","1.75","3990","2","1200000"
"3","1","1270","1","276900"
"3","1.5","4380","2","995000"
"3","2.5","1860","2","505000"
"4","3.5","3770","2","1229000"
"4","1","1530","1","352000"
"4","4","3570","2","597326"
"2","1","1740","1","800000"
"3","2.5","1670","1","270000"
"4","2","1570","2","235000"
"2","2.5","1590","2","409900"
"5","2.5","2980","2","739900"
"4","2.5","2690","2","608000"
"2","1","900","1","381500"
"2","1","1440","1","562100"
"4","2.5","3000","2","740000"
"3","1.75","1620","1","640000"
"7","2.5","1940","2","280000"
"3","1","1230","1","205000"
"5","2.5","2700","1","625000"
"4","1.5","1880","1","680000"
"2","1","890","1","150000"
"3","2.5","1720","2","255950"
"3","2.5","1620","2","246500"
"2","1","1380","1","450000"
"3","1.75","1870","1","595888"
"3","1","1970","1","454000"
"3","1","1110","1","299900"
"3","2","1190","1","200000"
"3","1","1150","1","346500"
"4","2.75","2890","1","585000"
"3","1.75","1500","1","383000"
"3","1.5","1250","1","410000"
"4","2.5","2070","2","578000"
"4","3.5","4660","2","1280000"
"3","2.5","1730","2","328423"
"4","2.75","2720","2","594000"
"3","2.5","2320","3","425000"
"3","2.5","1860","2","309620"
"5","2.5","2025","2","260000"
"5","3","2620","2","975000"
"3","1.75","2450","2","937000"
"3","3.5","1590","3","518500"
"4","1.75","2085","1","563500"
"4","3.5","3450","2","1050000"
"4","2.5","3060","2","826000"
"3","2","1700","1","225000"
"4","2","1330","1","235867"
"4","3","3060","2","399000"
"3","1.5","1220","1","177500"
"4","1.5","1600","1","224000"
"4","1.5","1770","2","440000"
"4","3.5","3320","1","1025000"
"2","1","950","1","320000"
"4","2.5","2430","2","310000"
"4","2.5","2660","1","772650"
"4","2.5","2670","2","669950"
"5","3.5","2720","2","690000"
"4","2.5","3200","1","385000"
"2","1","620","1","402000"
"3","1.5","2450","1","358000"
"4","2.75","2530","1","354950"
"4","2.5","2220","2","405000"
"4","1.75","2110","1","568000"
"5","3","3690","1","575000"
"4","2.5","1940","1","315000"
"4","2.75","2300","1","453000"
"3","2.5","1660","2","700000"
"4","3","3900","1","1619999"
"3","1.75","1650","1","259500"
"4","2.5","2110","1","460000"
"3","1.75","1960","1","561500"
"4","2.5","2770","2","641000"
"4","1.75","2440","1","330000"
"2","1","1320","1","447000"
"4","2.5","2570","2","320000"
"2","1","940","1","212700"
"2","1","700","1","260000"
"3","2","1400","2","410000"
"4","2.5","1890","2","355000"
"2","1","720","1","275500"
"3","1.75","2410","1","415000"
"3","2.5","1630","1","279000"
"5","1.75","2330","1","350000"
"2","2.5","1330","2","355000"
"4","2.5","3190","2","750000"
"3","1.75","1400","1","235000"
"3","1","970","1","209950"
"3","1.75","1010","1","230000"
"3","2.5","2570","2","399950"
"2","1","1500","1","480000"
"3","1","2710","2","410000"
"4","1.75","2860","1","530000"
"2","1","840","1","528000"
"4","2.5","2990","2","469900"
"5","1","1170","1","397000"
"3","1.5","1200","1","718500"
"2","1","1020","1","195000"
"2","1","910","1","285000"
"1","1","700","1","295000"
"4","1.75","2420","1","602000"
"3","1.75","1950","1","235000"
"4","2.5","3060","2","465000"
"4","1","1390","1","234000"
"2","1.5","1200","3","504200"
"3","2.5","2440","2","710000"
"3","3.5","2310","2","589500"
"4","2.5","2190","1","699900"
"4","2.5","3130","2","598000"
"3","2.5","1700","1","475000"
"3","1.75","1700","1","314500"
"3","3.5","1360","2","397000"
"3","2","1610","1","345000"
"5","2.75","2130","1","325000"
"3","1","1800","1","265000"
"4","2.75","2950","1","402000"
"3","2.5","2120","2","835000"
"4","2.5","3500","2","780000"
"3","2","1440","1","250000"
"4","2","2120","2","1200000"
"2","2.5","1780","2","935000"
"2","1","960","1","300000"
"2","1.75","1510","1","419000"
"1","1.5","1010","1","410000"
"3","3","3790","2","1165000"
"3","1.75","3600","2","461000"
"3","1.75","1300","1","385000"
"4","3.5","4270","2","1356925"
"3","2.5","2390","2","629800"
"4","2.5","2530","2","417838"
"4","2.5","2701","2","399895"
"4","2.75","3990","2","825000"
"4","2.5","2303","2","300000"
"2","2.5","1540","3","640000"
"3","2.5","1450","2","460000"
"2","2.5","1160","2","525000"
"4","2.75","2910","2","499990"
"4","3.5","3770","2","1020000"
"5","2.5","2900","1","675000"
"3","1.75","1540","1","512031"
"2","1","700","1","310000"
"3","2.5","3280","1","1075000"
"4","2","2430","1","255000"
"3","2.5","1900","2","435000"
"3","2","1660","1","453000"
"4","2","1620","2","260000"
"4","2","2090","1","659000"
"3","2","1110","1","223000"
"5","3.5","3760","2","851000"
"3","2.5","2080","1","605000"
"4","2.5","1950","1","895000"
"5","2.5","2570","1","519000"
"3","1","1580","1","305000"
"4","2.5","1540","2","484998"
"4","3.5","3390","2","1054690"
"2","1.5","830","2","334500"
"4","2.75","2620","2","475000"
"3","2.5","2242","2","309780"
"4","2.5","2890","2","795000"
"3","2.5","1450","2","274500"
"2","1.5","800","2","265050"
"3","2.5","2280","2","567500"
"3","1.5","3850","2","915000"
"5","2.5","2270","2","285000"
"3","2.5","2250","2","445838"
"4","1.75","2600","1","304900"
"4","2","2490","2","940000"
"4","2.5","3160","2","1127000"
"4","2.5","4930","2","835000"
"3","1","1440","1","290000"
"3","1.75","1770","1","250000"
"4","2.5","2300","2","342000"
"4","2.5","2980","2","1012000"
"4","2.5","2230","1","400000"
"3","1.75","1830","1","312500"
"3","1","1740","1","267000"
"3","1.75","1530","1","575000"
"3","1.5","1520","1","810000"
"3","2.5","3230","2","850000"
"3","3.5","3620","2","1015000"
"4","3.75","5070","2","1100000"
"3","1.75","1570","1","240000"
"4","1.75","2080","1","198000"
"4","2.5","2230","1","565000"
"5","3","3420","2","1195000"
"8","2.75","2790","1","340000"
"4","2.5","3150","2","815000"
"4","3.5","3930","2","1875000"
"5","3","2190","2","588000"
"4","2.5","1890","2","280500"
"4","2","1900","1","390000"
"2","1.5","1930","2","509000"
"3","2.5","3316","2","490600"
"3","1.5","1380","1","650000"
"3","4","2080","3","715000"
"4","3.5","2980","2","1625000"
"2","2.75","1350","2","405500"
"4","2.5","2360","1","633000"
"2","1","1190","1","295950"
"4","5","4110","2","1042031"
"4","2.5","2800","1","605000"
"2","1.5","920","2","255000"
"3","1.75","1530","2","474000"
"2","1","860","1","370000"
"3","2.5","1520","2","288000"
"2","1","660","1","100000"
"5","2.5","3580","2","1150000"
"5","2.5","3000","2","600000"
"5","3.5","2740","1","515000"
"4","2.5","2040","2","345000"
"6","2.75","2520","2","975000"
"3","2","2470","2","850000"
"3","2.5","1930","2","439990"
"3","2.5","2950","2","554950"
"3","2.5","2610","2","605000"
"3","1.75","1630","3","609000"
"3","1.5","1400","3","425000"
"2","1.5","1130","2","536000"
"3","3.5","2030","2","685000"
"4","1.75","1590","2","373000"
"3","1.75","1480","1","450000"
"4","2.5","2690","2","645000"
"3","2.5","3870","2","1275000"
"3","1","1390","1","230000"
"3","2.75","1830","2","593000"
"2","2","1580","1","558000"
"3","2.5","2590","2","538250"
"5","2.5","2510","1","475000"
"3","1.5","1180","1","209950"
"3","2.5","1450","2","410000"
"3","2.5","3110","2","1636000"
"5","2.5","2860","2","670000"
"3","2.75","2760","1","821000"
"5","2","2800","1","665000"
"3","2.5","1450","2","339000"
"4","2.5","2090","2","300000"
"3","2.5","1720","2","500000"
"3","2.5","1910","2","494815"
"3","2.5","1601","3","378000"
"2","2.5","1060","2","505000"
"4","2.75","2330","2","680000"
"3","2.5","2370","2","351999"
"3","2.5","1420","3","510000"
"4","2.5","2360","2","1300000"
"2","1.5","1260","2","374000"
"3","2.5","3030","2","509900"
"3","1.75","1140","2","230000"
"5","2.5","2820","1","527700"
"2","2","1270","3","438000"
"3","2.5","3180","2","900000"
"3","2.5","2790","1","1131000"
"4","2.5","2570","2","439000"
"2","1","1080","1","315000"
"4","4","3010","2","765000"
"3","2.5","2120","1","332000"
"2","1.75","1210","2","357562"
"3","2.5","3420","1","789900"
"3","2.5","1810","2","513000"
"3","2.5","2760","1","336000"
"4","2.5","1950","1","560000"
"3","2.5","3830","2","1150000"
"4","2.5","2060","1","410000"
"3","1","1650","1","371500"
"4","1.75","2100","1","368000"
"4","3","3720","1","650000"
"4","2.5","1920","2","308950"
"3","2","1860","2","440000"
"2","2.5","2290","2","630000"
"3","1.75","1200","1","228950"
"4","3.5","5270","2","782000"
"3","2.5","1600","2","245000"
"4","2.5","2560","2","410000"
"2","1","880","1","427550"
"2","1","1020","1","235000"
"3","2","960","1","210000"
"4","2.5","1900","1","485000"
"2","2","1570","1","592350"
"3","1.5","1460","1","232000"
"3","1.75","1140","1","250000"
"1","2","1150","1","115000"
"4","2.5","3180","1","1115000"
"4","2.5","2630","2","585000"
"3","2.5","1940","1","580000"
"1","1","850","1","165000"
"3","2","1550","1","430000"
"3","2.5","2090","1","383000"
"4","3.5","3960","2","1195000"
"4","2.5","3220","2","690000"
"2","1","800","1","325000"
"3","1.75","1660","1","375000"
"4","2.5","2250","2","600000"
"3","2.5","2120","1","340000"
"4","2.75","2310","3","890000"
"4","1.75","1920","2","415000"
"3","1.75","1550","1","255000"
"2","2.5","1785","2","530000"
"3","1.5","1830","1","468000"
"5","2.75","3500","2","970000"
"3","2","2560","1","599000"
"4","2.5","6500","2","2458000"
"4","3.5","3150","2","1205000"
"2","1","810","1","325000"
"5","4","7320","2","1135250"
"4","1.75","2790","1","568000"
"2","1.5","1920","1","517000"
"4","2.75","2530","2","469950"
"3","2.5","3490","2","1675000"
"6","2.75","4710","2","2180000"
"3","1.75","2050","1","623000"
"4","2.5","2410","2","720000"
"3","1","1180","1","205000"
"2","1","630","1","148000"
"3","2.5","3480","1","950000"
"3","2.5","1910","2","293000"
"3","3.5","2490","2","550000"
"4","2.5","2150","2","435000"
"4","2.75","3000","2","355000"
"3","2.75","2830","2","673000"
"4","2.5","2680","2","449990"
"2","1.5","1090","2","249000"
"4","2.5","1984","1","380000"
"4","2.75","3090","2","760005"
"4","2.5","2610","2","674600"
"4","3.5","3370","2","812000"
"4","2.5","2250","2","333490"
"3","3.5","1450","2","320000"
"4","2.5","3130","2","999000"
"2","2.75","2700","1","810000"
"5","2.75","1970","1","399950"
"3","2","1970","2","550000"
"3","1.5","1950","1","290000"
"3","1.5","1940","1","232500"
"4","3.5","3550","1","1355000"
"3","2.5","2500","2","565000"
"4","2.75","2910","1","749950"
"4","2.5","3350","2","720500"
"3","1.75","2140","1","507000"
"5","1.5","4030","2","989000"
"4","2.5","1980","2","463000"
"3","1.5","1460","1","310000"
"4","1.75","1880","1","284000"
"3","1.75","2320","2","737500"
"3","2.5","1590","2","356000"
"3","2.5","2630","2","610000"
"2","1.75","1350","1","498800"
"3","1","990","1","226550"
"4","2.75","3710","2","692500"
"3","1","990","1","250000"
"4","2.5","2510","2","660000"
"2","1","800","1","295000"
"4","1","1600","1","154950"
"5","3.5","3320","2","409124"
"5","1.5","1730","1","287000"
"4","1.75","2000","1","810000"
"4","2.75","2910","1","525000"
"4","1.75","1710","1","525000"
"3","1","1200","1","275000"
"3","2.5","2600","2","583000"
"2","1.75","1460","1","237950"
"4","3.75","4260","2","1065000"
"4","2.5","2720","2","594950"
"4","2.5","2920","1","1250000"
"3","1.5","1800","1","305000"
"2","1","1320","1","425000"
"3","1.75","1770","1","215000"
"5","2.75","2550","1","480000"
"4","1.75","2150","1","550000"
"4","2.5","3020","2","750000"
"3","1","960","1","137124"
"3","2","2783","2","840000"
"3","2","2250","1","624800"
"3","1.75","1710","1","630000"
"3","2.5","2650","1","590000"
"3","3.5","1830","3","599950"
"3","2.5","1460","2","299880"
"3","2","1760","1","400000"
"3","2.5","1960","2","560000"
"4","2.5","2010","1","229000"
"4","2.5","3670","2","525000"
"2","2.5","2290","1","737000"
"3","2","1780","1","680000"
"4","2.5","3080","2","635000"
"4","2.5","3360","2","740000"
"3","1","1370","2","335500"
"4","2.5","1660","1","270000"
"4","3.5","4440","2","1037000"
"5","2.5","2850","1","450000"
"3","2.5","1530","2","379000"
"4","2.5","2100","1","468000"
"1","1","730","1","321500"
"3","2.5","1920","2","443000"
"3","1","1600","1","340000"
"4","2.5","2380","2","470000"
"3","2.5","2760","2","545000"
"2","1","930","1","395000"
"4","2.5","3560","2","486000"
"2","1","840","1","187000"
"4","3.5","4280","2","734950"
"3","1.5","1500","1","284000"
"4","3.5","3650","2","696000"
"2","1","780","1","380000"
"4","1.75","1120","1","252000"
"2","1","1010","1","560000"
"4","2.75","1970","1","395000"
"4","2.5","2230","2","900000"
"5","3","4290","2","2680000"
"3","1.75","3160","1","625000"
"3","1.75","1850","1","580000"
"3","2.5","1980","1","309000"
"4","3.5","3360","2","412000"
"3","2","2660","1","495000"
"3","1","1200","1","215000"
"2","2.5","2150","1","741500"
"3","2.75","2820","2","749000"
"4","2.75","3510","2","659950"
"3","2.5","1790","2","530000"
"4","2.75","2700","2","749000"
"5","1.75","5780","2","2321000"
"4","3.5","3730","2","595000"
"4","2.5","2540","2","487000"
"4","2.5","3300","3","760000"
"5","3.5","5430","2","1240000"
"4","2.5","2550","2","435000"
"3","2.5","1390","3","374950"
"3","1.5","1270","3","440000"
"4","2.5","2380","2","360000"
"4","2.5","3360","2","879000"
"5","2.5","6070","2","1550000"
"2","1","1240","1","505000"
"2","2","2930","1","545000"
"2","2.5","2410","1","600000"
"4","2","1840","1","639000"
"4","2","1560","1","439000"
"4","1.75","1520","1","499950"
"3","2.75","2220","2","800000"
"4","2.5","2800","2","350000"
"2","1","670","1","279000"
"3","2.5","1720","2","290256"
"3","2.5","2110","2","355000"
"3","1.75","1580","1","263000"
"6","2.5","2640","2","880000"
"4","2.5","2700","2","426500"
"3","2.5","2820","2","735000"
"4","2.5","3340","2","720000"
"3","2.5","1530","2","265000"
"4","3.5","3840","2","840000"
"3","2","2320","1","657500"
"3","2.5","1770","3","436110"
"2","3","3160","2","589900"
"3","1.5","1620","1","620000"
"4","2","1510","1","254000"
"3","1.75","960","1","375000"